Motif_ID,N_real,Nrand,Zscore,pvalue
4678,38,0.6+-1.4,27.729999542236328,0.0
4686,6,0.2+-0.5,11.5,0.0010000000474974513
5016,6,0.3+-0.7,8.130000114440918,0.0020000000949949026
6552,17,2.6+-2.1,6.71999979019165,0.0
904,56,18.2+-7.2,5.25,0.0
74,1696,1200.1+-138.0,3.5899999141693115,0.0
6616,2,0.2+-0.5,3.2699999809265137,0.029999999329447746
15258,9,3.1+-1.9,3.0399999618530273,0.003000000026077032
14,12464,11921.6+-178.8,3.0299999713897705,0.0020000000949949026
