Motif_ID,N_real,Nrand,Zscore,pvalue
4950,7,27.1+-5.2,-3.859999895095825,1.0
328,65,126.8+-22.8,-2.7100000381469727,1.0
4370,11,35.9+-9.7,-2.569999933242798,1.0
2186,142,172.2+-11.9,-2.5299999713897705,0.9929999709129333
472,28,54.2+-10.3,-2.5299999713897705,0.9959999918937683
